<?xml version="1.0" encoding="UTF-8"?>
<!DOCTYPE configuration
PUBLIC "-//mybatis.org//DTD Mapper 3.0//EN"
        "http://mybatis.org/dtd/mybatis-3-config.dtd">
<configuration>
    <environments default="development">
        <environment id="development">
            <transactionManager type="JDBC"/>
            <dataSource type="POOLED">
                <property name="driver" value="oracle.jdbc.driver.OracleDriver"/>
                <property name="url" value="jdbc:oracle:thin:@localhost:1521:xe"/>
                <property name="username" value="hr"/>
                <property name="password" value="hr"/>
            </dataSource>
        </environment>
    </environments>
 
    <mappers>
        <mapper resource="com/smhrd/database/MemberMapper.xml"/>
    </mappers>
</configuration>